,train_loss,train_acc,val_loss,val_acc,total_params,total_flops,filters_in_conv1,filters_in_conv2
0,0.007274827382822211,0.9977,0.028119850640915683,0.992,431080,4586000,20,50
1,0.0019152892127974458,0.9995,0.04241054312623658,0.9927,229949,1824400,12,27
2,0.0002733275959585323,0.9999833333333333,0.04490558426987611,0.9926,145135,947600,8,17
3,0.0002850925300349445,0.9999833333333333,0.05441334644164765,0.9903,103478,605200,6,12
4,0.00027649560262173813,0.9999833333333333,0.055966391203018453,0.9903,78774,442000,5,9
5,0.0006445449941131907,0.9999166666666667,0.06915004460790042,0.9886,62321,326800,4,7
6,0.006924822638990979,0.9981166666666667,0.0798495048622819,0.9818,37766,157200,2,4
7,0.0016830445831622152,0.9997666666666667,0.18551315993389825,0.9732,29614,96400,1,3
