,train_loss,train_acc,val_loss,val_acc,total_params,total_flops
0,0.826293211479187,0.87688,0.9869923776626587,0.8324,14982474,313463808
