,train_loss,train_acc,val_loss,val_acc,total_params,total_flops,filters_in_conv1,filters_in_conv2
0,0.007444412531905497,0.9974,0.026630485019087134,0.993,431080,4586000,20,50
1,0.001548797292715123,0.9995333333333334,0.03140890393836817,0.9942,403175,3987600,18,47
2,0.0018572698481797185,0.9995333333333334,0.04554814270370625,0.9938,393548,3738000,17,46
3,0.00026932772006142236,0.9999833333333333,0.0494399577554288,0.9939,374444,3258000,15,44
4,0.0002687546153863271,0.9999833333333333,0.05986860622006716,0.9942,364967,3027600,14,43
